Test,DC OP Max error,DC OP Average error,DC Sweeps Max error,DC Sweeps Average error
part3_LU_real_circuit_1.csv,5.2130408797495e-07,3.010755264118446e-08,0,0
part3_simple.csv,4.0093980389464887e-07,1.1579181148786539e-07,4.853756322049407e-06,1.1381500407112557e-06
part3_SPD_5K_nodes.csv,4.902958786249341e-06,1.3769982995841757e-06,0,0
part3_SPD_10K_nodes.csv,4.954689938840446e-06,1.3802336524458434e-06,0,0
part3_LU_real_circuit_2.csv,2.602379686407021e-06,6.063162315997585e-08,0,0
part3_SPD_1K_nodes.csv,4.718839960726989e-06,1.4249199501934046e-06,0,0
part3_LU_5K_nodes.csv,4.865412260083229e-06,7.274425393832769e-08,0,0
part3_simple_multi_DC_sweeps.csv,4.0093980389464887e-07,1.1579181148786539e-07,4.853756322049407e-06,8.655715870199585e-07
part3_simple_SPD.csv,8.767878987053168e-07,5.321411667376975e-07,0,0.0
part3_LU_10K_nodes.csv,4.694667487730228e-06,6.8579796487192e-08,0,0
part3_LU_1K_nodes.csv,4.484559813582036e-06,6.511756874285103e-08,0,0
